<?xml version="1.0" encoding="UTF-8"?>
<Configuration status="WARN" monitorInterval="30">
    <Properties>
        <Property name="LOG_PATTERN">
            %d{yyyy-MM-dd HH:mm:ss.SSS} %5p ${hostName} --- [%15.15t] %-40.40c{1.} : %m%n%ex
        </Property>
    </Properties>
    <Appenders>
        <Console name="ConsoleAppender" target="SYSTEM_OUT" follow="true">
            <PatternLayout pattern="${LOG_PATTERN}"/>
        </Console>
        <RollingFile name="RouteAppender" fileName="rest.log" filePattern="rest-%d{yyyy-MM-dd}-%i.log">
			<PatternLayout pattern="%d{yyy-MM-dd HH:mm:ss.SSS} [%t] %-5level %logger{36} - %msg%n" />
			<Policies>
				<SizeBasedTriggeringPolicy size="10MB" />
			</Policies>
			<DefaultRolloverStrategy max="10" />
		</RollingFile>
    </Appenders>
    <Loggers>
		<Logger name="RouteLogger" level="info" additivity="false">
            <AppenderRef ref="RouteAppender" />
        </Logger>
        <Logger name="com.mike.sandpit" level="debug" additivity="false">
            <AppenderRef ref="ConsoleAppender" />
        </Logger>
        <Root level="info">
            <AppenderRef ref="ConsoleAppender" />
        </Root>
    </Loggers>
</Configuration>